," This is a citation overview for a set of 229 documents.",,,,,,,,,,,,,,,,,,
,"Self Citations of all authors are excluded.",,,,,,,,,,,,,,,,,,
,,,,,,,,,,,,,,,,,,,
,"h-index =41 (Of the 229 documents considered for the h-index, 41 have been cited at least 41 times.)",,,,,,,,,,,,,,,,,,
,Note: Scopus does not have complete citation information for articles published before 1.,,,,,,,,,,,,,,,,,,
,,,,,,,,,,,,,,,,,,,
,,,,,,,<2007,2007,2008,2009,2010,2011,2012,2013,2014,2015,subtotal,>2015,total
Publication Year,Document Title,Authors,ISSN,Journal Title,Volume,Issue,0,6,91,198,487,990,1538,2206,2391,480,8387,0,8387
2015,"Maternal prenatal stress is associated with the infant intestinal microbiota","Zijlmans M.A.C., Korpela K., Riksen-Walraven J.M., de Vos W.M., de Weerth C.",03064530,"Psychoneuroendocrinology",53, ,0,0,0,0,0,0,0,0,0,0,0,0,0
2015,"The gut microbiota in internal medicine: Implications for health and disease","Lankelma J.M., Nieuwdorp M., de Vos W.M., Wiersinga W.J.",03002977,"Netherlands Journal of Medicine",73, 2,0,0,0,0,0,0,0,0,0,0,0,0,0
2015,"Isolation and screening of thermophilic bacilli from compost for electrotransformation and fermentation: Characterization of bacillus smithii ET 138 as a new biocatalyst","Bosma E.F., van de Weijer A.H.P., Daas M.J.A., van der Oost J., de Vos W.M., van Kranenburg R.",00992240,"Applied and Environmental Microbiology",81, 5,0,0,0,0,0,0,0,0,0,0,0,0,0
2014,"Use of non-growing Lactococcus lactis cell suspensions for production of volatile metabolites with direct relevance for flavour formation during dairy fermentations","Van De Bunt B., Bron P.A., Sijtsma L., De Vos W.M., Hugenholtz J.",14752859,"Microbial Cell Factories",13, 1,0,0,0,0,0,0,0,0,0,0,0,0,0
2014,"Functional genomics of lactic acid bacteria: From food to health","Douillard F.P., de Vos W.M.",14752859,"Microbial Cell Factories",13, ,0,0,0,0,0,0,0,0,0,1,1,0,1
2014,"Differential modulation by Akkermansia muciniphila and faecalibacterium prausnitzii of host peripheral lipid metabolism and histone acetylation in mouse gut organoids","Lukovac S., Belzer C., Pellis L., Keijser B.J., de Vos W.M., Montijn R.C., Roeselers G.",21612129,"mBio",5, 4,0,0,0,0,0,0,0,0,0,1,1,0,1
2014,"Tipping elements in the human intestinal ecosystem","Lahti L., Salojarvi J., Salonen A., Scheffer M., De Vos W.M.",20411723,"Nature Communications",5, ,0,0,0,0,0,0,0,0,0,3,3,0,3
2014,"The first 1000 cultured species of the human gastrointestinal microbiota","Rajilic-Stojanovic M., de Vos W.M.",01686445,"FEMS Microbiology Reviews",, ,0,0,0,0,0,0,0,0,1,2,3,0,3
2014,"Inulin-type fructans modulate intestinal Bifidobacterium species populations and decrease fecal short-chain fatty acids in obese women","Salazar N., Dewulf E.M., Neyrinck A.M., Bindels L.B., Cani P.D., Mahillon J., de Vos W.M., Thissen J.-P., Gueimonde M., de los Reyes-Gavilan C.G., Delzenne N.M.",02615614,"Clinical Nutrition",, ,0,0,0,0,0,0,0,0,0,1,1,0,1
2014,"Intestinal microbiota during early life - impact on health and disease","Nylund L., Satokari R., Salminen S., de Vos W.M.",00296651,"Proceedings of the Nutrition Society",, ,0,0,0,0,0,0,0,0,1,2,3,0,3
2014,"Functional identification of conserved residues involved in Lactobacillus rhamnosus strain GG sortase specificity and pilus biogenesis","Douillard F.P., Rasinkangas P., Von Ossowski I., Reunanen J., Palva A., De Vos W.M.",00219258,"Journal of Biological Chemistry",289, 22,0,0,0,0,0,0,0,0,1,0,1,0,1
2014,"Faecal microbiota composition in adults is associated with the FUT2 gene determining the secretor status","Wacklin P., Tuimala J., Nikkila J., Tims S., Makivuokko H., Alakulppi N., Laine P., Rajilic-Stojanovic M., Paulin L., De Vos W.M., Matto J.",19326203,"PLoS ONE",9, 4,0,0,0,0,0,0,0,0,6,1,7,0,7
2014,"Anaerostipes rhamnosivorans sp. nov., a human intestinal, butyrate-forming bacterium","Bui T.P.N., de Vos W.M., Plugge C.M.",14665026,"International Journal of Systematic and Evolutionary Microbiology",64, 3,0,0,0,0,0,0,0,0,0,0,0,0,0
2014,"Impact of diet on human intestinal microbiota and health","Salonen A., De Vos W.M.",19411413,"Annual Review of Food Science and Technology",5, 1,0,0,0,0,0,0,0,0,4,1,5,0,5
2014,"Gut microbiota signatures predict host and microbiota responses to dietary interventions in obese individuals","Korpela K., Flint H.J., Johnstone A.M., Lappi J., Poutanen K., Dewulf E., Delzenne N., De Vos W.M., Salonen A.",19326203,"PLoS ONE",9, 3,0,0,0,0,0,0,0,0,5,5,10,0,10
2014,"Effect of diet on the intestinal microbiota and its activity","Zoetendal E.G., De Vos W.M.",02671379,"Current Opinion in Gastroenterology",30, 2,0,0,0,0,0,0,0,0,4,1,5,0,5
2014,"Stability of (Bio)functionalized porous aluminum oxide","Debrassi A., Ribbera A., De Vos W.M., Wennekes T., Zuilhof H.",07437463,"Langmuir",30, 5,0,0,0,0,0,0,0,0,2,0,2,0,2
2014,"Immunostimulatory CpG motifs in the genomes of gut bacteria and their role in human health and disease","Kant R., de Vos W.M., Palva A., Satokari R.",00222615,"Journal of Medical Microbiology",63, 2,0,0,0,0,0,0,0,0,1,0,1,0,1
2014,"Metaproteomics of our microbiome - Developing insight in function and activity in man and model systems","Kolmeder C.A., de Vos W.M.",18743919,"Journal of Proteomics",97, ,0,0,0,0,0,0,0,0,6,4,10,0,10
2014,"vanI: A novel d-Ala-d-Lac vancomycin resistance gene cluster found in Desulfitobacterium hafniense","Kruse T., Levisson M., de Vos W.M., Smidt H.",17517907,"Microbial Biotechnology",7, 5,0,0,0,0,0,0,0,0,0,0,0,0,0
2014,"Impact of oral vancomycin on gut microbiota, bile acid metabolism, and insulin sensitivity","Vrieze A., Out C., Fuentes S., Jonker L., Reuling I., Kootte R.S., Van Nood E., Holleman F., Knaapen M., Romijn J.A., Soeters M.R., Blaak E.E., Dallinga-Thie G.M., Reijnders D., Ackermans M.T., Serlie M.J., Knop F.K., Holst J.J., Van Der Ley C., Kema I.P., Zoetendal E.G., De Vos W.M., Hoekstra J.B.L., Stroes E.S., Groen A.K., Nieuwdorp M.",01688278,"Journal of Hepatology",60, 4,0,0,0,0,0,0,0,0,7,5,12,0,12
2014,"Aberrant gut microbiota composition at the onset of type 1 diabetes in young children","De Goffau M.C., Fuentes S., Van Den Bogert B., Honkanen H., De Vos W.M., Welling G.W., Hyoty H., Harmsen H.J.M.",14320428,"Diabetologia",57, 8,0,0,0,0,0,0,0,0,0,2,2,0,2
2014,"Maintenance of a healthy trajectory of the intestinal microbiome during aging: A dietary approach","Candela M., Biagi E., Brigidi P., O'Toole P.W., De Vos W.M.",00476374,"Mechanisms of Ageing and Development",136-137, ,0,0,0,0,0,0,0,0,1,0,1,0,1
2014,"Reset of a critically disturbed microbial ecosystem: Faecal transplant in recurrent Clostridium difficile infection","Fuentes S., Van Nood E., Tims S., Heikamp-De Jong I., Ter Braak C.J.F., Keller J.J., Zoetendal E.G., De Vos W.M.",17517362,"ISME Journal",8, 8,0,0,0,0,0,0,0,0,3,5,8,0,8
2014,"The salivary scavenger and agglutinin in early life: Diverse roles in amniotic fluid and in the infant intestine","Reichhardt M.P., Jarva H., De Been M., Rodriguez J.M., Quintana E.J., Loimaranta V., De Vos W.M., Meri S.",00221767,"Journal of Immunology",193, 10,0,0,0,0,0,0,0,0,0,0,0,0,0
2014,"Stimulation of colonic motility by oral PEG electrolyte bowel preparation assessed by MRI: Comparison of split vs single dose","Marciani L., Garsed K.C., Hoad C.L., Fields A., Fordham I., Pritchard S.E., Placidi E., Murray K., Chaddock G., Costigan C., Lam C., Jalanka-Tuovinen J., De Vos W.M., Gowland P.A., Spiller R.C.",13501925,"Neurogastroenterology and Motility",26, 10,0,0,0,0,0,0,0,0,0,0,0,0,0
2014,"The microbial eukaryote Blastocystis is a prevalent and diverse member of the healthy human gut microbiota","Scanlan P.D., Stensvold C.R., Rajilic-Stojanovic M., Heilig H.G.H.J., De Vos W.M., O'Toole P.W., Cotter P.D.",01686496,"FEMS Microbiology Ecology",90, 1,0,0,0,0,0,0,0,0,1,0,1,0,1
2014,"Combating inflammaging through a Mediterranean whole diet approach: The NU-AGE project's conceptual framework and design","Santoro A., Pini E., Scurti M., Palmas G., Berendsen A., Brzozowska A., Pietruszka B., Szczecinska A., Cano N., Meunier N., de Groot C.P.G.M., Feskens E., Fairweather-Tait S., Salvioli S., Capri M., Brigidi P., Franceschi C., Fabbri C., Bertarelli C., Izzi M., Mazzocchi M., Chardigny J.M., Morio B., Rossi D., Notarfonso M., O'Toole P.W., Cashman K., Carding S.R., Nicoletti C., Jacobs D., Xipsiti M., Fernandez L., Wills J., Irz X., Kuosmanen N., Gonos E.S., Voutetakis K., Salmon M., Toussaint O., Traill B.W., Nocella G., Caracciolo B., Xu W., Mikko Ikonen, Tuure T., Brummer R., Kadi F., Breton S., Triomphe M., Magario G., Villani F., Pancrazio A., Teufner B., Stocker J., Echevarria F.J., Iglesias J.R., Smrz F., Krejcirova L., Koytsomitropoulou E., Georgakidis K., Yornuk R., Ucar C., Van Ommen B., Bouwman J., Collino S., Jankovics C., Loso A., de Vos W., Fuentes S., Commelin E.",00476374,"Mechanisms of Ageing and Development",136-137, ,0,0,0,0,0,0,0,0,3,0,3,0,3
2014,"Genomic characterization of Non-Mucus-Adherent derivatives of Lactobacillus rhamnosus GG reveals genes affecting pilus biogenesis","Rasinkangas P., Reunanen J., Douillard F.P., Ritari J., Uotinen V., Palva A., de Vos W.M.",00992240,"Applied and Environmental Microbiology",80, 22,0,0,0,0,0,0,0,0,0,0,0,0,0
2014,"[The gut microbiota in sickness and health]. | De darmmicrobiota in gezondheid en ziekte.","Lankelma J.M., Nieuwdorp M., de Vos W.M., Wiersinga W.J.",18768784,"Nederlands tijdschrift voor geneeskunde",157, ,0,0,0,0,0,0,0,0,0,0,0,0,0
2014,"Impact of diet and individual variation on intestinal microbiota composition and fermentation products in obese men","Salonen A., Lahti L., Salojarvi J., Holtrop G., Korpela K., Duncan S.H., Date P., Farquharson F., Johnstone A.M., Lobley G.E., Louis P., Flint H.J., De Vos W.M.",17517362,"ISME Journal",8, 11,0,0,0,0,0,0,0,0,2,1,3,0,3
2013,"Faecal microbiota composition and host-microbe cross-talk following gastroenteritis and in postinfectious irritable bowel syndrome","Jalanka-Tuovinen J., Salojarvi J., Salonen A., Immonen O., Garsed K., Kelly F.M., Zaitoun A., Palva A., Spiller R.C., de Vos W.M.",00175749,"Gut",, ,0,0,0,0,0,0,0,0,7,3,10,0,10
2013,"Novel Polyfermentor intestinal model (PolyFermS) for controlled ecological studies: validation and effect of pH.","Zihler Berner A., Fuentes S., Dostal A., Payne A.N., Vazquez Gutierrez P., Chassard C., Grattepanche F., de Vos W.M., Lacroix C.",19326203,"PloS one",8, 10,0,0,0,0,0,0,0,0,0,0,0,0,0
2013,"Human intestinal microbiota composition is associated with local and systemic inflammation in obesity","Verdam F.J., Fuentes S., De Jonge C., Zoetendal E.G., Erbil R., Greve J.W., Buurman W.A., De Vos W.M., Rensen S.S.",19307381,"Obesity",21, 12,0,0,0,0,0,0,0,1,13,3,17,0,17
2013,"Metagenomic species profiling using universal phylogenetic marker genes","Sunagawa S., Mende D.R., Zeller G., Izquierdo-Carrasco F., Berger S.A., Kultima J.R., Coelho L.P., Arumugam M., Tap J., Nielsen H.B., Rasmussen S., Brunak So., Pedersen O., Guarner F., De Vos W.M., Wang J., Li J., Dore J., Dusko Ehrlich S., Stamatakis A., Bork P.",15487091,"Nature Methods",10, 12,0,0,0,0,0,0,0,0,10,3,13,0,13
2013,"Contribution of the intestinal microbiota to human health: From birth to 100 years of age","Cheng J., Palva A.M., De Vos W.M., Satokari R.",0070217X,"Current Topics in Microbiology and Immunology",358, ,0,0,0,0,0,0,0,2,6,0,8,0,8
2013,"Therapeutic potential of fecal microbiota transplantation","Smits L.P., Bouter K.E.C., De Vos W.M., Borody T.J., Nieuwdorp M.",00165085,"Gastroenterology",145, 5,0,0,0,0,0,0,0,2,39,8,49,0,49
2013,"Potential of proton-pumping rhodopsins: Engineering photosystems into microorganisms","Claassens N.J., Volpers M., Santos V.A.P.M.D., Van der Oost J., de Vos W.M.",01677799,"Trends in Biotechnology",31, 11,0,0,0,0,0,0,0,0,0,1,1,0,1
2013,"Evaluation of microbial community reproducibility, stability and composition in a human distal gut chemostat model","McDonald J.A.K., Schroeter K., Fuentes S., Heikamp-deJong I., Khursigara C.M., de Vos W.M., Allen-Vercoe E.",01677012,"Journal of Microbiological Methods",95, 2,0,0,0,0,0,0,0,0,6,0,6,0,6
2013,"Intestinal microbiota in health and disease | De darmmicrobiota in gezondheid en ziekte","Lankelma J.M., Nieuwdorp M., De Vos W.M., Wiersinga W.J.",00282162,"Nederlands Tijdschrift voor Geneeskunde",157, 39,0,0,0,0,0,0,0,1,0,0,1,0,1
2013,"Impact of diets with a high content of greaves-meal protein or carbohydrates on faecal characteristics, volatile fatty acids and faecal calprotectin concentrations in healthy dogs","Hang I., Heilmann R.M., Grutzner N., Suchodolski J.S., Steiner J.M., Atroshi F., Sankari S., Kettunen A., de Vos W.M., Zentek J., Spillmann T.",17466148,"BMC Veterinary Research",9, ,0,0,0,0,0,0,0,0,0,0,0,0,0
2013,"Richness of human gut microbiome correlates with metabolic markers","Le Chatelier E., Nielsen T., Qin J., Prifti E., Hildebrand F., Falony G., Almeida M., Arumugam M., Batto J.-M., Kennedy S., Leonard P., Li J., Burgdorf K., Grarup N., Jorgensen T., Brandslund I., Nielsen H.B., Juncker A.S., Bertalan M., Levenez F., Pons N., Rasmussen S., Sunagawa S., Tap J., Tims S., Zoetendal E.G., Brunak So., Clement K., Dore J., Kleerebezem M., Kristiansen K., Renault P., Sicheritz-Ponten T., De Vos W.M., Zucker J.-D., Raes J., Hansen T., Bork P., Wang J., Ehrlich S.D., Pedersen O., Guedon E., Delorme C., Layec S., Khaci G., Van De Guchte M., Vandemeulebrouck G., Jamet A., Dervyn R., Sanchez N., Maguin E., Haimet F., Winogradski Y., Cultrone A., Leclerc M., Juste C., Blottiere H., Pelletier E., Lepaslier D., Artiguenave F., Bruls T., Weissenbach J., Turner K., Parkhill J., Antolin M., Manichanh C., Casellas F., Boruel N., Varela E., Torrejon A., Guarner F., Denariaz G., Derrien M., Van Hylckama Vlieg J.E.T., Veiga P., Oozeer R., Knol J., Rescigno M., Brechot C., M'Rini C., Merieux A., Yamada T.",00280836,"Nature",500, 7464,0,0,0,0,0,0,0,13,100,16,129,0,129
2013,"Crying in infants: On the possible role of intestinal microbiota in the development of colic","de Weerth C., Fuentes S., de Vos W.M.",19490976,"Gut Microbes",4, 5,0,0,0,0,0,0,0,0,3,0,3,0,3
2013,"Comparative genome analysis of Lactobacillus casei strains isolated from Actimel and Yakult products reveals marked similarities and points to a common origin","Douillard F.P., Kant R., Ritari J., Paulin L., Palva A., De Vos W.M.",17517907,"Microbial Biotechnology",6, 5,0,0,0,0,0,0,0,0,3,1,4,0,4
2013,"Genome-scale metabolic model for Lactococcus lactis MG1363 and its application to the analysis of flavor formation","Flahaut N.A.L., Wiersma A., Van De Bunt B., Martens D.E., Schaap P.J., Sijtsma L., Dos Santos V.A.M., De Vos W.M.",01757598,"Applied Microbiology and Biotechnology",97, 19,0,0,0,0,0,0,0,0,5,3,8,0,8
2013,"Insight into the prebiotic concept: Lessons from an exploratory, double blind intervention study with inulin-type fructans in obese women","Dewulf E.M., Cani P.D., Claus S.P., Fuentes S., Puylaert P.G.B., Neyrinck A.M., Bindels L.B., De Vos W.M., Gibson G.R., Thissen J.-P., Delzenne N.M.",00175749,"Gut",62, 8,0,0,0,0,0,0,0,7,23,5,35,0,35
2013,"Comparative Genomic and Functional Analysis of 100 Lactobacillus rhamnosus Strains and Their Comparison with Strain GG","Douillard F.P., Ribbera A., Kant R., Pietila T.E., Jarvinen H.M., Messing M., Randazzo C.L., Paulin L., Laine P., Ritari J., Caggia C., Lahteinen T., Brouns S.J.J., Satokari R., von Ossowski I., Reunanen J., Palva A., de Vos W.M.",15537390,"PLoS Genetics",9, 8,0,0,0,0,0,0,0,0,8,4,12,0,12
2013,"Duodenal microbiota composition and mucosal homeostasis in pediatric celiac disease","Cheng J., Kalliomaki M., Heilig H.G.H.J., Palva A., Lahteenoja H., de Vos W.M., Salojarvi J., Satokari R.",1471230X,"BMC Gastroenterology",13, 1,0,0,0,0,0,0,0,1,9,3,13,0,13
2013,"Bacterial Diversity in Meconium of Preterm Neonates and Evolution of Their Fecal Microbiota during the First Month of Life","Moles L., Gomez M., Heilig H., Bustos G., Fuentes S., de Vos W., Fernandez L., Rodriguez J.M., Jimenez E.",19326203,"PLoS ONE",8, 6,0,0,0,0,0,0,0,1,6,6,13,0,13
2013,"Human intestinal metagenomics: State of the art and future","Blottiere H.M., de Vos W.M., Ehrlich S.D., Dore J.",13695274,"Current Opinion in Microbiology",16, 3,0,0,0,0,0,0,0,1,4,2,7,0,7
2013,"Human intestinal metagenomics: state of the art and future.","Blottiere H.M., de Vos W.M., Ehrlich S.D., Dore J.",18790364,"Current opinion in microbiology",16, 3,0,0,0,0,0,0,0,0,0,0,0,0,0
2013,"Genomics: A gut prediction","De Vos W.M., Nieuwdorp M.",00280836,"Nature",498, 7452,0,0,0,0,0,0,0,3,5,1,9,0,9
2013,"Cross-talk between Akkermansia muciniphila and intestinal epithelium controls diet-induced obesity","Everard A., Belzer C., Geurts L., Ouwerkerk J.P., Druart C., Bindels L.B., Guiot Y., Derrien M., Muccioli G.G., Delzenne N.M., De Vos W.M., Cani P.D.",00278424,"Proceedings of the National Academy of Sciences of the United States of America",110, 22,0,0,0,0,0,0,0,20,74,16,110,0,110
2013,"Intestinal Microbiota in Healthy U.S. Young Children and Adults-A High Throughput Microarray Analysis","Ringel-Kulka T., Cheng J., Ringel Y., Salojarvi J., Carroll I., Palva A., de Vos W.M., Satokari R.",19326203,"PLoS ONE",8, 5,0,0,0,0,0,0,0,1,1,0,2,0,2
2013,"Using Recombinant Lactococci as an Approach to Dissect the Immunomodulating Capacity of Surface Piliation in Probiotic Lactobacillus rhamnosus GG","von Ossowski I., Pietila T.E., Rintahaka J., Nummenmaa E., Makinen V.-M., Reunanen J., Satokari R., de Vos W.M., Palva I., Palva A.",19326203,"PLoS ONE",8, 5,0,0,0,0,0,0,0,0,2,0,2,0,2
2013,"Associations between the human intestinal microbiota, Lactobacillus rhamnosus GG and serum lipids indicated by integrated analysis of high-throughput profiling data","Lahti L., Salonen A., Kekkonen R.A., Salojarvi J., Jalanka-Tuovinen J., Palva A., Oresic M., de Vos W.M.",21678359,"PeerJ",2013, 1,0,0,0,0,0,0,0,1,7,0,8,0,8
2013,"The intestinal microbiota and host immune interactions in the critically ill","Schuijt T.J., van der Poll T., de Vos W.M., Wiersinga W.J.",0966842X,"Trends in Microbiology",21, 5,0,0,0,0,0,0,0,2,3,2,7,0,7
2013,"Intake of whole-grain and fiber-rich rye bread versus refined wheat bread does not differentiate intestinal microbiota composition in finnish adults with metabolic syndrome","Lappi J., Salojarvi J., Kolehmainen M., Mykkanen H., Poutanen K., de Vos W.M., Salonen A.",00223166,"Journal of Nutrition",143, 5,0,0,0,0,0,0,0,1,3,2,6,0,6
2013,"Butyrate-producing Clostridium cluster XIVa species specifically colonize mucins in an in vitro gut model","Van Den Abbeele P., Belzer C., Goossens M., Kleerebezem M., De Vos W.M., Thas O., De Weirdt R., Kerckhof F.-M., Van De Wiele T.",17517362,"ISME Journal",7, 5,0,0,0,0,0,0,0,2,7,3,12,0,12
2013,"Adhesion and nanomechanics of pili from the probiotic lactobacillus rhamnosus GG","Tripathi P., Beaussart A., Alsteens D., Dupres V., Claes I., Von Ossowski I., De Vos W.M., Palva A., Lebeer S., Vanderleyden J., Dufreine Y.F.",19360851,"ACS Nano",7, 4,0,0,0,0,0,0,0,1,7,1,9,0,9
2013,"Towards metagenome-scale models for industrial applications-the case of Lactic Acid Bacteria","Branco dos Santos F., de Vos W.M., Teusink B.",09581669,"Current Opinion in Biotechnology",24, 2,0,0,0,0,0,0,0,3,0,0,3,0,3
2013,"Microbiota conservation and BMI signatures in adult monozygotic twins","Tims S., Derom C., Jonkers D.M., Vlietinck R., Saris W.H., Kleerebezem M., De Vos W.M., Zoetendal E.G.",17517362,"ISME Journal",7, 4,0,0,0,0,0,0,0,1,10,2,13,0,13
2013,"Long-term monitoring of the human intestinal microbiota composition","Rajilic-Stojanovic M., Heilig H.G.H.J., Tims S., Zoetendal E.G., De Vos W.M.",14622912,"Environmental Microbiology",15, 4,0,0,0,0,0,0,0,4,14,3,21,0,21
2013,"Obesity, non-alcoholic fatty liver disease, and atherothrombosis: A role for the intestinal microbiota?","Knaapen M., Kootte R.S., Zoetendal E.G., de Vos W.M., Dallinga-Thie G.M., Levi M., Stroes E.S., Nieuwdorp M.",1198743X,"Clinical Microbiology and Infection",19, 4,0,0,0,0,0,0,0,1,3,0,4,0,4
2013,"Reply","Nieuwdorp M., Vrieze A., De Vos W.M.",00165085,"Gastroenterology",144, 4,0,0,0,0,0,0,0,0,0,0,0,0,0
2013,"Translating the human microbiome","Brown J., De Vos W.M., Distefano P.S., Dore J., Huttenhower C., Knight R., Lawley T.D., Raes J., Turnbaugh P.",10870156,"Nature Biotechnology",31, 4,0,0,0,0,0,0,0,1,1,0,2,0,2
2013,"Phylogenetic analysis of dysbiosis in ulcerative colitis during remission","Rajilic-Stojanovic M., Shanahan F., Guarner F., De Vos W.M.",10780998,"Inflammatory Bowel Diseases",19, 3,0,0,0,0,0,0,0,4,15,2,21,0,21
2013,"Intestinal microbiota of infants with colic: Development and specific signatures","De Weerth C., Fuentes S., Puylaert P., De Vos W.M.",00314005,"Pediatrics",131, 2,0,0,0,0,0,0,0,4,17,4,25,0,25
2013,"Glycobiome: Bacteria and mucus at the epithelial interface","Ouwerkerk J.P., De Vos W.M., Belzer C.",15216918,"Best Practice and Research: Clinical Gastroenterology",27, 1,0,0,0,0,0,0,0,1,13,1,15,0,15
2013,"The intestinal microbiota: Importance for health and, potential therapeutic target","Belzer C., De Vos W.M.",15216918,"Best Practice and Research: Clinical Gastroenterology",27, 1,0,0,0,0,0,0,0,0,0,0,0,0,0
2013,"Duodenal infusion of donor feces for recurrent clostridium difficile","Van Nood E., Vrieze A., Nieuwdorp M., Fuentes S., Zoetendal E.G., De Vos W.M., Visser C.E., Kuijper E.J., Bartelsman J.F.W.M., Tijssen J.G.P., Speelman P., Dijkgraaf M.G.W., Keller J.J.",00284793,"New England Journal of Medicine",368, 5,0,0,0,0,0,0,0,131,203,39,373,0,373
2013,"Microarray analysis reveals marked intestinal microbiota aberrancy in infants having eczema compared to healthy children in at-risk for atopic disease","Nylund L., Satokari R., Nikkila J., Rajili-Stojanovi M., Kalliomaki M., Isolauri E., Salminen S., de Vos W.M.",14712180,"BMC Microbiology",, ,0,0,0,0,0,0,0,7,4,3,14,0,14
2013,"Crying in infants: on the possible role of intestinal microbiota in the development of colic.","de Weerth C., Fuentes S., de Vos W.M.",19490984,"Gut microbes",4, 5,0,0,0,0,0,0,0,0,2,1,3,0,3
2013,"Fame and future of faecal transplantations - developing next-generation therapies with synthetic microbiomes","De Vos W.M.",17517907,"Microbial Biotechnology",6, 4,0,0,0,0,0,0,0,3,5,1,9,0,9
2012,"Metagenome analysis reveals yet unexplored reductive dechlorinating potential of Dehalobacter sp. E1 growing in co-culture with Sedimentibacter sp.","Maphosa F., Van Passel M.W.J., De Vos W.M., Smidt H.",17582229,"Environmental Microbiology Reports",4, 6,0,0,0,0,0,0,0,1,5,0,6,0,6
2012,"The function of our microbiota: who is out there and what do they do?","Ottman N., Smidt H., de Vos W.M., Belzer C.",22352988,"Frontiers in cellular and infection microbiology",2, ,0,0,0,0,0,0,2,16,5,2,25,0,25
2012,"Transfer of intestinal microbiota from lean donors increases insulin sensitivity in individuals with metabolic syndrome","Vrieze A., Van Nood E., Holleman F., Salojarvi J., Kootte R.S., Bartelsman J.F.W.M., Dallinga-Thie G.M., Ackermans M.T., Serlie M.J., Oozeer R., Derrien M., Druesne A., Van Hylckama Vlieg J.E.T., Bloks V.W., Groen A.K., Heilig H.G.H.J., Zoetendal E.G., Stroes E.S., De Vos W.M., Hoekstra J.B.L., Nieuwdorp M.",00165085,"Gastroenterology",143, 4,0,0,0,0,0,0,1,85,88,13,187,0,187
2012,"Where bio meets nano: The many uses for nanoporous aluminum oxide in biotechnology","Ingham C.J., ter Maat J., de Vos W.M.",07349750,"Biotechnology Advances",30, 5,0,0,0,0,0,0,2,8,9,0,19,0,19
2012,"Early-life gut microbiota under physiological and pathological conditions: The central role of combined meta-omics-based approaches","Del Chierico F., Vernocchi P., Bonizzi L., Carsetti R., Castellazzi A.M., Dallapiccola B., de Vos W., Guerzoni M.E., Manco M., Marseglia G.L., Muraca M., Roncada P., Salvatori G., Signore F., Urbani A., Putignani L.",18743919,"Journal of Proteomics",75, 15,0,0,0,0,0,0,0,3,1,0,4,0,4
2012,"Role of the intestinal microbiome in health and disease: From correlation to causation","de Vos W.M., De Vos E.A.J.",00296643,"Nutrition Reviews",70, 1,0,0,0,0,0,0,2,18,16,8,44,0,44
2012,"Thermal stabilization of an endoglucanase by cyclization","Van Lieshout J.F.T., Gutierrez O.N.P., Vroom W., Planas A., De Vos W.M., Van Der Oost J., Koutsopoulos S.",02732289,"Applied Biochemistry and Biotechnology",167, 7,0,0,0,0,0,0,0,0,1,0,1,0,1
2012,"Microbes insidefrom diversity to function: The case of Akkermansia","Belzer C., De Vos W.M.",17517362,"ISME Journal",6, 8,0,0,0,0,0,0,2,15,11,4,32,0,32
2012,"The adult intestinal core microbiota is determined by analysis depth and health status","Salonen A., Salojarvi J., Lahti L., de Vos W.M.",1198743X,"Clinical Microbiology and Infection",18, 4,0,0,0,0,0,0,2,2,3,0,7,0,7
2012,"The human small intestinal microbiota is driven by rapid uptake and conversion of simple carbohydrates","Zoetendal E.G., Raes J., Van Den Bogert B., Arumugam M., Booijink C.C., Troost F.J., Bork P., Wels M., De Vos W.M., Kleerebezem M.",17517362,"ISME Journal",6, 7,0,0,0,0,0,0,3,14,14,2,33,0,33
2012,"Effect of high contents of dietary animal-derived protein or carbohydrates on canine faecal microbiota","Hang I., Rinttila T., Zentek J., Kettunen A., Alaja S., Apajalahti J., Harmoinen J., de Vos W.M., Spillmann T.",17466148,"BMC Veterinary Research",8, ,0,0,0,0,0,0,0,2,1,0,3,0,3
2012,"CRISPR Immunity Relies on the Consecutive Binding and Degradation of Negatively Supercoiled Invader DNA by Cascade and Cas3","Westra E., van Erp P., Kunne T., Wong S., Staals R., Seegers C., Bollen S., Jore M., Semenova E., Severinov K., de Vos W., Dame R., de Vries R., Brouns S.J.J., van der Oost J.",10972765,"Molecular Cell",46, 5,0,0,0,0,0,0,11,29,30,4,74,0,74
2012,"Thermal Stabilization of an Endoglucanase by Cyclization","van Lieshout J.F.T., Gutierrez O.N.P., Vroom W., Planas A., de Vos W.M., van der Oost J., Koutsopoulos S.",02732289,"Applied Biochemistry and Biotechnology",, ,0,0,0,0,0,0,0,0,0,0,0,0,0
2012,"Comparative genome analysis of central nitrogen metabolism and its control by GlnR in the class Bacilli","Groot Kormelink T., Koenders E., Hagemeijer Y., Overmars L., Siezen R.J., de Vos W.M., Francke C.",14712164,"BMC Genomics",, ,0,0,0,0,0,0,0,2,3,0,5,0,5
2012,"Anaerobic benzene degradation under denitrifying conditions: Peptococcaceae as dominant benzene degraders and evidence for a syntrophic process","van der Zaan B.M., Saia F.T., Stams A.J.M., Plugge C.M., de Vos W.M., Smidt H., Langenhoff A.A.M., Gerritse J.",14622912,"Environmental Microbiology",14, 5,0,0,0,0,0,0,3,4,8,1,16,0,16
2012,"Role of phosphate in the central metabolism of two lactic acid bacteria - A comparative systems biology approach","Levering J., Musters M.W.J.M., Bekker M., Bellomo D., Fiedler T., De Vos W.M., Hugenholtz J., Kreikemeyer B., Kummer U., Teusink B.",1742464X,"FEBS Journal",279, 7,0,0,0,0,0,0,0,3,3,0,6,0,6
2012,"Genetic and biochemical characterization of the cell wall hydrolase activity of the major secreted protein of lactobacillus rhamnosus GG","Claes I.J.J., Schoofs G., Regulski K., Courtin P., Chapot-Chartier M.-P., Rolain T., Hols P., von Ossowski I., Reunanen J., de Vos W.M., Palva A., Vanderleyden J., de Keersmaecker S.C.J., Lebeer S.",19326203,"PLoS ONE",7, 2,0,0,0,0,0,0,0,5,4,0,9,0,9
2012,"Effect of acid stress on protein expression and phosphorylation in Lactobacillus rhamnosus GG","Koponen J., Laakso K., Koskenniemi K., Kankainen M., Savijoki K., Nyman T.A., de Vos W.M., Tynkkynen S., Kalkkinen N., Varmanen P.",18743919,"Journal of Proteomics",75, 4,0,0,0,0,0,0,2,5,8,1,16,0,16
2012,"The therapeutic potential of manipulating gut microbiota in obesity and type 2 diabetes mellitus","Kootte R.S., Vrieze A., Holleman F., Dallinga-Thie G.M., Zoetendal E.G., de Vos W.M., Groen A.K., Hoekstra J.B.L., Stroes E.S., Nieuwdorp M.",14628902,"Diabetes, Obesity and Metabolism",14, 2,0,0,0,0,0,0,12,26,22,4,64,0,64
2012,"The major secreted protein Msp1/p75 is O-glycosylated in Lactobacillus rhamnosus GG","Lebeer S., Claes I.J.J., Balog C.I.A., Schoofs G., Verhoeven T.L.A., Nys K., von Ossowski I., de Vos W.M., Tytgat H.L.P., Agostinis P., Palva A., Van Damme E.J.M., Deelder A.M., De Keersmaecker S.C.J., Wuhrer M., Vanderleyden J.",14752859,"Microbial Cell Factories",11, ,0,0,0,0,0,0,3,10,7,1,21,0,21
2012,"Comparative metaproteomics and diversity analysis of human intestinal microbiota testifies for its temporal stability and expression of core functions","Kolmeder C.A., de Been M., Nikkila J., Ritamo I., Matto J., Valmu L., Salojarvi J., Palva A., Salonen A., de Vos W.M.",19326203,"PLoS ONE",7, 1,0,0,0,0,0,0,8,16,8,4,36,0,36
2012,"Functional analysis of lactobacillus rhamnosus GG pili in relation to adhesion and immunomodulatory interactions with intestinal epithelial cells","Lebeer S., Claes I., Tytgat H.L.P., Verhoeven T.L.A., Marien E., von Ossowski I., Reunanen J., Palva A., de Vos W.M., De Keersmaecker S.C.J., Vanderleyden J.",00992240,"Applied and Environmental Microbiology",78, 1,0,0,0,0,0,0,5,12,11,2,30,0,30
2012,"Standardized assay medium to measure Lactococcus lactis enzyme activities while mimicking intracellular conditions","Goel A., Santos F., de Vos W.M., Teusink B., Molenaar D.",00992240,"Applied and Environmental Microbiology",78, 1,0,0,0,0,0,0,2,4,5,0,11,0,11
2011,"Altered gut microbiota and endocannabinoid system tone in obese and diabetic leptin-resistant mice: Impact on apelin regulation in adipose tissue","Geurts L., Lazarevic V., Derrien M., Everard A., Van Roye M., Knauf C., Valet P., Girard M., Muccioli G.G., Francois P., de Vos W.M., Schrenzel J., Delzenne N.M., Cani P.D.",1664302X,"Frontiers in Microbiology",2, JULY,0,0,0,0,0,1,8,1,12,2,24,0,24
2011,"Responses of gut microbiota and glucose and lipid metabolism to prebiotics in genetic obese and diet-induced leptin-resistant mice (Diabetes (2011) 60 (2775-2786))","Everard A., Lazarevic V., Derrien M., Girard M., Muccioli G.M., Neyrinck A.M., Possemiers S., Van Holle A., Francois P., De Vos W.M., Delzenne N.M., Schrenzel J., Cani P.D.",00121797,"Diabetes",60, 12,0,0,0,0,0,0,0,0,0,0,0,0,0
2011,"Modulation of mucosal immune response, tolerance, and proliferation in mice colonized by the mucin-degrader Akkermansia muciniphila","Derrien M., Van Baarlen P., Hooiveld G., Norin E., Muller M., de Vos W.M.",1664302X,"Frontiers in Microbiology",2, ,0,0,0,0,0,1,7,7,8,2,25,0,25
2011,"Organic modification and subsequent biofunctionalization of porous anodic alumina using terminal alkynes","Ter Maat J., Regeling R., Ingham C.J., Weijers C.A.G.M., Giesbers M., De Vos W.M., Zuilhof H.",07437463,"Langmuir",27, 22,0,0,0,0,0,0,0,3,2,1,6,0,6
2011,"Health benefits and health claims of probiotics: Bridging science and marketing","Rijkers G.T., De Vos W.M., Brummer R.-J., Morelli L., Corthier G., Marteau P.",00071145,"British Journal of Nutrition",106, 9,0,0,0,0,0,0,2,9,8,0,19,0,19
2011,"Functional Intestinal Metagenomics","van den Bogert B., Leimena M.M., de Vos W.M., Zoetendal E.G., Kleerebezem M.",,"Handbook of Molecular Microbial Ecology II: Metagenomics in Different Habitats",, ,0,0,0,0,0,0,0,0,0,0,0,0,0
2011,"Responses of gut microbiota and glucose and lipid metabolism to prebiotics in genetic obese and diet-induced leptin-resistant mice","Everard A., Lazarevic V., Derrien M., Girard M., Muccioli G.M., Neyrinck A.M., Possemiers S., Van Holle A., Francois P., De Vos W.M., Delzenne N.M., Schrenzel J., Cani P.D.",00121797,"Diabetes",60, 11,0,0,0,0,0,0,14,22,30,4,70,0,70
2011,"Global and deep molecular analysis of microbiota signatures in fecal samples from patients with irritable bowel syndrome","Rajilic-Stojanovic M., Biagi E., Heilig H.G.H.J., Kajander K., Kekkonen R.A., Tims S., De Vos W.M.",00165085,"Gastroenterology",141, 5,0,0,0,0,0,2,27,44,46,7,126,0,126
2011,"The fecal bifidobacterial transcriptome of adults: A microarray approach","Klaassens E.S., Ben-Amor K., Vriesema A., Vaughan E.E., de Vos W.M.",19490976,"Gut Microbes",2, 4,0,0,0,0,0,0,0,3,3,0,6,0,6
2011,"Analysis of infant isolates of Bifidobacterium breve by comparative genome hybridization indicates the existence of new subspecies with marked infant specificity","Boesten R., Schuren F., Wind R.D., Knol J., de Vos W.M.",09232508,"Research in Microbiology",162, 7,0,0,0,0,0,0,0,1,0,0,1,0,1
2011,"Systems solutions by lactic acid bacteria: From paradigms to practice","De Vos W.M.",14752859,"Microbial Cell Factories",10, 1,0,0,0,0,0,0,6,6,5,1,18,0,18
2011,"Intestinal microbiota in healthy adults: Temporal analysis reveals individual and common core and relation to intestinal symptoms","Jalanka-Tuovinen J., Salonen A., Nikkila J., Immonen O., Kekkonen R., Lahti L., Palva A., de Vos W.M.",19326203,"PLoS ONE",6, 7,0,0,0,0,0,0,11,26,15,3,55,0,55
2011,"Intestinal microbiota in human health and disease: The impact of probiotics","Gerritsen J., Smidt H., Rijkers G.T., De Vos W.M.",15558932,"Genes and Nutrition",6, 3,0,0,0,0,0,1,5,22,23,0,51,0,51
2011,"Functional identification in Lactobacillus reuteri of a PocR-like transcription factor regulating glycerol utilization and vitamin B12 synthesis","Santos F., Spinler J.K., Saulnier D.M.A., Molenaar D., Teusink B., de Vos W.M., Versalovic J., Hugenholtz J.",14752859,"Microbial Cell Factories",10, ,0,0,0,0,0,0,0,4,2,1,7,0,7
2011,"Functional genome analysis of Bifidobacterium breve UCC2003 reveals type IVb tight adherence (Tad) pili as an essential and conserved host-colonization factor","Motherway M.O., Zomer A., Leahy S.C., Reunanen J., Bottacini F., Claesson M.J., O'Brien F., Flynn K., Casey P.G., Munoz J.A.M., Kearney B., Houston A.M., O'Mahony C., Higgins D.G., Shanahan F., Palva A., De Vos W.M., Fitzgerald G.F., Ventura M., O'Toole P.W., Van Sinderen D.",00278424,"Proceedings of the National Academy of Sciences of the United States of America",108, 27,0,0,0,0,0,1,12,23,15,0,51,0,51
2011,"The fecal bifidobacterial transcriptome of adults: a microarray approach.","Klaassens E.S., Ben-Amor K., Vriesema A., Vaughan E.E., de Vos W.",19490984,"Gut microbes",2, 4,0,0,0,0,0,0,0,0,0,0,0,0,0
2011,"Role of ""Dehalococcoides"" spp. in the anaerobic transformation of hexachlorobenzene in European rivers","Tas N., van Eekert M.H.A., Wagner A., Schraa G., de Vos W.M., Smidt H.",00992240,"Applied and Environmental Microbiology",77, 13,0,0,0,0,0,0,1,1,1,0,3,0,3
2011,"Functional characterization of a mucus-specific LPXTG surface adhesin from probiotic Lactobacillus rhamnosus GG","von Ossowski I., Satokari R., Reunanen J., Lebeer S., De Keersmaecker S.C.J., Vanderleyden J., de Vos W.M., Palva A.",00992240,"Applied and Environmental Microbiology",77, 13,0,0,0,0,0,0,9,3,8,0,20,0,20
2011,"Erratum: Enterotypes of the human gut microbiome (Nature (2011) 473 (174-180))","Arumugam M., Raes J., Pelletier E., Le Paslier D., Yamada T., Mende D.R., Fernandes G.R., Tap J., Bruls T., Batto J.-M., Bertalan M., Borruel N., Casellas F., Fernandez L., Gautier L., Hansen T., Hattori M., Hayashi T., Kleerebezem M., Kurokawa K., Leclerc M., Levenez F., Manichanh C., Nielsen H.B., Nielsen T., Pons N., Poulain J., Qin J., Sicheritz-Ponten T., Tims S., Torrents D., Ugarte E., Zoetendal E.G., Junwang, Guarner F., Pedersen O., De Vos W.M., Brunak S.R., Dora J., Consortium M., Weissenbach J., Ehrlich S.D., Bork P.",00280836,"Nature",474, 7353,0,0,0,0,1,1,1,2,1,0,6,0,6
2011,"Genome sequence of ""Pedosphaera parvula"" Ellin514, an aerobic verrucomicrobial isolate from pasture soil","Kant R., van Passel M.W.J., Sangwan P., Palva A., Lucas S., Copeland A., Lapidus A., del Rio T.G., Dalin E., Tice H., Bruce D., Goodwin L., Pitluck S., Chertkov O., Larimer F.W., Land M.L., Hauser L., Brettin T.S., Detter J.C., Han S., de Vos W.M., Janssen P.H., Smidt H.",00219193,"Journal of Bacteriology",193, 11,0,0,0,0,0,2,1,0,0,0,3,0,3
2011,"Genome sequence of Lactobacillus amylovorus GRL1118, isolated from pig ileum","Kant R., Paulin L., Alatalo E., de Vos W.M., Palva A.",00219193,"Journal of Bacteriology",193, 12,0,0,0,0,0,1,1,1,1,0,4,0,4
2011,"Bifidobacterium breve-HT-29 cell line interaction: Modulation of TNF-α induced gene expression","Boesten R.J., Schuren F.H.J., Willemsen L.E.M., Vriesema A., Knol J., De Vos W.M.",18762883,"Beneficial Microbes",2, 2,0,0,0,0,0,0,1,1,2,1,5,0,5
2011,"Genome sequence of Chthoniobacter flavus Ellin428, an aerobic heterotrophic soil bacterium","Kant R., van Passe M.W.J., Palva A., Lucas S., Lapidus A., del Rio T., Dalin E., Tice H., Bruce D., Goodwin L., Pitluck S., Larimer F.W., Land M.L., Hauser L., Sangwan P., de Vos W.M., Janssen P.H., Smidt H.",00219193,"Journal of Bacteriology",193, 11,0,0,0,0,0,1,2,2,3,0,8,0,8
2011,"Enterotypes of the human gut microbiome","Arumugam M., Raes J., Pelletier E., Le Paslier D., Yamada T., Mende D.R., Fernandes G.R., Tap J., Bruls T., Batto J.-M., Bertalan M., Borruel N., Casellas F., Fernandez L., Gautier L., Hansen T., Hattori M., Hayashi T., Kleerebezem M., Kurokawa K., Leclerc M., Levenez F., Manichanh C., Nielsen H.B., Nielsen T., Pons N., Poulain J., Qin J., Sicheritz-Ponten T., Tims S., Torrents D., Ugarte E., Zoetendal E.G., Wang J., Guarner F., Pedersen O., De Vos W.M., Brunak S., Dore J., Weissenbach J., Ehrlich S.D., Bork P.",00280836,"Nature",473, 7346,0,0,0,0,0,6,32,25,12,3,78,0,78
2011,"Bifidobacterium population analysis in the infant gut by direct mapping of genomic hybridization patterns: Potential for monitoring temporal development and effects of dietary regimens","Boesten R., Schuren F., Ben Amor K., Haarman M., Knol J., de Vos W.M.",17517907,"Microbial Biotechnology",4, 3,0,0,0,0,0,2,3,2,1,1,9,0,9
2011,"Genome sequence of the Verrucomicrobium Opitutus terrae PB90-1, an abundant inhabitant of rice paddy soil ecosystems","van Passel M.W.J., Kant R., Palva A., Copeland A., Lucas S., Lapidus A., del Rio T.G., Pitluck S., Goltsman E., Clum A., Sun H., Schmutz J., Larimer F.W., Land M.L., Hauser L., Kyrpides N., Mikhailova N., Richardson P.P., Janssen P.H., de Vos W.M., Smidt H.",00219193,"Journal of Bacteriology",193, 9,0,0,0,0,0,1,1,1,1,0,4,0,4
2011,"Genome sequence of Victivallis vadensis ATCC BAA-548, an anaerobic bacterium from the phylum Lentisphaerae, isolated from the human gastrointestinal tract","van Passel M.W.J., Kant R., Palva A., Lucas S., Copeland A., Lapidus A., del Rio T.G., Dalin E., Tice H., Bruce D., Goodwin L., Pitluck S., Davenport K.W., Sims D., Brettin T.S., Detter J.C., Han S., Larimer F.W., Land M.L., Hauser L., Kyrpides N., Ovchinnikova G., Richardson P.P., de Vos W.M., Smidt H., Zoetendal E.G.",00219193,"Journal of Bacteriology",193, 9,0,0,0,0,0,1,2,1,0,0,4,0,4
2011,"Lactic acid bacteria: Life after genomics","Kleerebezem M., de Vos W.M.",17517907,"Microbial Biotechnology",4, 3,0,0,0,0,0,0,3,1,0,0,4,0,4
2011,"Comparative genomics of Lactobacillus","Kant R., Blom J., Palva A., Siezen R.J., de Vos W.M.",17517907,"Microbial Biotechnology",4, 3,0,0,0,0,0,1,4,4,3,0,12,0,12
2011,"Enterotypes of the human gut microbiome","Arumugam M., Raes J., Pelletier E., Le Paslier D., Yamada T., Mende D.R., Fernandes G.R., Tap J., Bruls T., Batto J.-M., Bertalan M., Borruel N., Casellas F., Fernandez L., Gautier L., Hansen T., Hattori M., Hayashi T., Kleerebezem M., Kurokawa K., Leclerc M., Levenez F., Manichanh C., Nielsen H.B., Nielsen T., Pons N., Poulain J., Qin J., Sicheritz-Ponten T., Tims S., Torrents D., Ugarte E., Zoetendal E.G., Wang J., Guarner F., Pedersen O., de Vos W.M., Brunak S., Dore J., Consortium M., Weissenbach J., Ehrlich S.D., Bork P., Antolin M., Artiguenave F., Blottiere H.M., Almeida M., Brechot C., Cara C., Chervaux C., Cultrone A., Delorme C., Denariaz G., Dervyn R., Foerstner K.U., Friss C., van de Guchte M., Guedon E., Haimet F., Huber W., van Hylckama-Vlieg J., Jamet A., Juste C., Kaci G., Knol J., Lakhdari O., Layec S., Le Roux K., Maguin E., Merieux A., Melo Minardi R., M'rini C., Muller J., Oozeer R., Parkhill J., Renault P., Rescigno M., Sanchez N., Sunagawa S., Torrejon A., Turner K., Vandemeulebrouck G., Varela E., Winogradsky Y., Zeller G.",00280836,"Nature",, ,0,0,0,0,0,53,226,283,254,44,860,0,860
2011,"Do nutrient-gut-microbiota interactions play a role in human obesity, insulin resistance and type 2 diabetes?","Diamant M., Blaak E.E., de Vos W.M.",14677881,"Obesity Reviews",12, 4,0,0,0,0,0,6,14,20,19,2,61,0,61
2011,"The genome of Akkermansia muciniphila, a dedicated intestinal mucin degrader, and its use in exploring intestinal metagenomes","van Passel M.W.J., Kant R., Zoetendal E.G., Plugge C.M., Derrien M., Malfatti S.A., Chain P.S.G., Woyke T., Palva A., de Vos W.M., Smidt H.",19326203,"PLoS ONE",6, 3,0,0,0,0,0,1,12,17,5,4,39,0,39
2011,"Microarray analysis and barcoded pyrosequencing provide consistent microbial profiles depending on the source of human intestinal samples","van den Bogert B., de Vos W.M., Zoetendal E.G., Kleerebezem M.",00992240,"Applied and Environmental Microbiology",77, 6,0,0,0,0,0,5,9,14,11,0,39,0,39
2011,"Genome sequence of lactobacillus amylovorus GRL1112","Kant R., Paulin L., Alatalo E., De Vos W.M., Palva A.",00219193,"Journal of Bacteriology",193, 3,0,0,0,0,0,2,0,3,0,0,5,0,5
2011,"Proteomics and transcriptomics characterization of bile stress response in probiotic Lactobacillus rhamnosus GG","Koskenniemi K., Laakso K., Koponen J., Kankainen M., Greco D., Auvinen P., Savijoki K., Nyman T.A., Surakka A., Salusjarvi T., De Vos W.M., Tynkkynen S., Kalkkinen N., Varmanen P.",15359476,"Molecular and Cellular Proteomics",10, 2,0,0,0,0,0,2,6,6,4,0,18,0,18
2011,"An iterative workflow for mining the human intestinal metaproteome","Rooijers K., Kolmeder C., Juste C., Dore J., de Been M., Boeren S., Galan P., Beauvallet C., de Vos W.M., Schaap P.J.",14712164,"BMC Genomics",12, ,0,0,0,0,0,0,7,10,6,1,24,0,24
2011,"Host genotype and the effect on microbial communities","Tims S., Zoetendal E.G., De Vos W.M., Kleerebezem M.",,"Metagenomics of the Human Body",, ,0,0,0,0,0,1,2,1,1,0,5,0,5
2010,"Physiological responses to folate overproduction in Lactobacillus plantarum WCFS1","Wegkamp A., Mars A.E., Faijes M., Molenaar D., de Vos R.C.H., Klaus S.M.J., Hanson A.D., de Vos W.M., Smid E.J.",14752859,"Microbial Cell Factories",9, ,0,0,0,0,0,2,1,0,0,0,3,0,3
2010,"Mixed-Culture transcriptome analysis reveals the molecular basis of mixed-culture growth in Streptococcus thermophilus and Lactobacillus bulgaricus","Sieuwerts S., Molenaar D., Van Hijum S.A.F.T., Beerthuyzen M., Stevens M.J.A., Janssen P.W.M., Ingham C.J., De Bok F.A.M., De Vos W.M., Van Hylckama Vlieg J.E.T.",00992240,"Applied and Environmental Microbiology",76, 23,0,0,0,0,0,4,5,7,8,1,25,0,25
2010,"High temporal and inter-individual variation detected in the human ileal microbiota","Booijink C.C.G.M., El-Aidy S., Rajilic-Stojanovic M., Heilig H.G.H.J., Troost F.J., Smidt H., Kleerebezem M., De Vos W.M., Zoetendal E.G.",14622912,"Environmental Microbiology",12, 12,0,0,0,0,0,5,12,12,13,1,43,0,43
2010,"Concurrent hexachlorobenzene and chloroethene transformation by endogenous dechlorinating microorganisms in the Ebro River sediment","Tas N., Heilig H.G.H.J., Van Eekert M.H.A., Schraa G., De Vos W.M., Smidt H.",01686496,"FEMS Microbiology Ecology",74, 3,0,0,0,0,0,1,1,0,1,1,4,0,4
2010,"Semi-automated extraction of microbial DNA from feces for qPCR and phylogenetic microarray analysis","Nylund L., Heilig H.G.H.J., Salminen S., de Vos W.M., Satokari R.",01677012,"Journal of Microbiological Methods",83, 2,0,0,0,0,0,1,1,1,4,1,8,0,8
2010,"Evaluating the microbial diversity of an in vitro model of the human large intestine by phylogenetic microarray analysis","Rajilic-Stojanovic M., Maathuis A., Heilig H.G.H.J., Venema K., De Vos W.M., Smidt H.",13500872,"Microbiology",156, 11,0,0,0,0,1,3,5,4,5,0,18,0,18
2010,"Convergence in probiotic Lactobacillus gut-adaptive responses in humans and mice","Marco M.L., De Vries M.C., Wels M., Molenaar D., Mangell P., Ahrne S., De Vos W.M., Vaughan E.E., Kleerebezem M.",17517362,"ISME Journal",4, 11,0,0,0,0,0,5,3,5,2,0,15,0,15
2010,"Gastrointestinal microbiota in irritable bowel syndrome: Present state and perspectives","Salonen A., De Vos W.M., Palva A.",13500872,"Microbiology",156, 11,0,0,0,0,1,14,26,22,17,2,82,0,82
2010,"Stability of the total and functional microbial communities in river sediment mesocosms exposed to anthropogenic disturbances","Van Der Zaan B., Smidt H., De Vos W.M., Rijnaarts H., Gerritse J.",01686496,"FEMS Microbiology Ecology",74, 1,0,0,0,0,0,0,1,2,1,1,5,0,5
2010,"Through ageing, and beyond: Gut microbiota and inflammatory status in seniors and centenarians","Biagi E., Nylund L., Candela M., Ostan R., Bucci L., Pini E., Nikkila J., Monti D., Satokari R., Franceschi C., Brigidi P., de Vos W.",19326203,"PLoS ONE",5, 5,0,0,0,0,2,16,32,40,34,6,130,0,130
2010,"Molecular characterization of the glucose isomerase from the thermophilic bacterium Fervidobacterium gondwanense","Kluskens L.D., Zeilstra J., Geerling A.C.M., De Vos W.M., Van Der Oost J.",09593330,"Environmental Technology",31, 10,0,0,0,0,0,0,1,3,1,1,6,0,6
2010,"Advanced approaches to characterize the human intestinal microbiota by computational meta-analysis","Nikkila J., De Vos W.M.",01920790,"Journal of Clinical Gastroenterology",44, 1,0,0,0,0,0,2,1,1,1,1,6,0,6
2010,"Systems biology of the gut: The interplay of food, microbiota and host at the mucosal interface","Martins dos Santos V., Muller M., de Vos W.M.",09581669,"Current Opinion in Biotechnology",21, 4,0,0,0,0,0,4,5,2,7,2,20,0,20
2010,"Metatranscriptome analysis of the human fecal microbiota reveals subject-specific expression profiles, with genes encoding proteins involved in carbohydrate metabolism being dominantly expressed","Booijink C.C.G.M., Boekhorst J., Zoetendal E.G., Smidt H., Kleerebezem M., De Vos W.M.",00992240,"Applied and Environmental Microbiology",76, 16,0,0,0,0,0,2,6,10,8,0,26,0,26
2010,"Supplementation with engineered Lactococcus lactis improves the folate status in deficient rats","LeBlanc J.G., Sybesma W., Starrenburg M., Sesma F., de Vos W.M., de Giori G.S., Hugenholtz J.",08999007,"Nutrition",26, 7-8,0,0,0,0,0,1,2,1,4,0,8,0,8
2010,"The little bacteria that can - Diversity, genomics and ecophysiology of 'Dehalococcoides' spp. in contaminated environments","Tas N., Van Eekert M.H.A., De Vos W.M., Smidt H.",17517907,"Microbial Biotechnology",3, 4,0,0,0,0,0,5,7,13,7,2,34,0,34
2010,"Microbial community- and metabolite dynamics of an anoxic dechlorinating bioreactor","Maphosa F., Smidt H., De Vos W.M., Roling W.F.M.",0013936X,"Environmental Science and Technology",44, 13,0,0,0,0,0,1,0,0,1,0,2,0,2
2010,"Involvement of the mannose phosphotransferase system of Lactobacillus plantarum WCFS1 in peroxide stress tolerance","Stevens M.J.A., Molenaar D., De Jong A., De Vos W.M., Kleerebezem M.",00992240,"Applied and Environmental Microbiology",76, 11,0,0,0,0,0,1,1,4,0,0,6,0,6
2010,"Exploiting the ecogenomics toolbox for environmental diagnostics of organohalide-respiring bacteria","Maphosa F., de Vos W.M., Smidt H.",01677799,"Trends in Biotechnology",28, 6,0,0,0,0,0,1,10,8,6,2,27,0,27
2010,"High-resolution microcontact printing and transfer of massive arrays of microorganisms on planar and compartmentalized nanoporous aluminium oxide","Ingham C., Bomer J., Sprenkels A.D., Van Den Berg A., De Vos W., Van Hylckama Vlieg J.",14730197,"Lab on a Chip - Miniaturisation for Chemistry and Biology",10, 11,0,0,0,0,3,4,5,1,1,0,14,0,14
2010,"Comparative analysis of fecal DNA extraction methods with phylogenetic microarray: Effective recovery of bacterial and archaeal DNA using mechanical cell lysis","Salonen A., Nikkila J., Jalanka-Tuovinen J., Immonen O., Rajilic-Stojanovic M., Kekkonen R.A., Palva A., de Vos W.M.",01677012,"Journal of Microbiological Methods",81, 2,0,0,0,0,3,11,18,13,19,8,72,0,72
2010,"A human gut microbial gene catalogue established by metagenomic sequencing","Qin J., Li R., Raes J., Arumugam M., Burgdorf K.S., Manichanh C., Nielsen T., Pons N., Levenez F., Yamada T., Mende D.R., Li J., Xu J., Li S., Li D., Cao J., Wang B., Liang H., Zheng H., Xie Y., Tap J., Lepage P., Bertalan M., Batto J.-M., Hansen T., Le Paslier D., Linneberg A., Nielsen H.B., Pelletier E., Renault P., Sicheritz-Ponten T., Turner K., Zhu H., Yu C., Li S., Jian M., Zhou Y., Li Y., Zhang X., Li S., Qin N., Yang H., Wang J., Brunak S., Dore J., Guarner F., Kristiansen K., Pedersen O., Parkhill J., Weissenbach J., Bork P., Ehrlich S.D., Wang J., Antolin M., Artiguenave F., Blottiere H., Borruel N., Bruls T., Casellas F., Chervaux C., Cultrone A., Delorme C., Denariaz G., Dervyn R., Forte M., Friss C., Van De Guchte M., Guedon E., Haimet F., Jamet A., Juste C., Kaci G., Kleerebezem M., Knol J., Kristensen M., Layec S., Le Roux K., Leclerc M., Maguin E., Melo Minardi R., Oozeer R., Rescigno M., Sanchez N., Tims S., Torrejon T., Varela E., De Vos W., Winogradsky Y., Zoetendal E.",00280836,"Nature",464, 7285,0,0,0,0,102,314,369,435,368,65,1653,0,1653
2010,"Mucosal adhesion properties of the probiotic lactobacillus rhamnosus GG SpaCBA and SpaFED pilin subunits","Von Ossowski I., Palva A., Reunanen J., Satokari R., Vesterlund S., Kankainen M., Huhtinen H., Tynkkynen S., Salminen S., De Vos W.M.",00992240,"Applied and Environmental Microbiology",76, 7,0,0,0,0,0,9,15,11,9,0,44,0,44
2010,"The environment within: How gut microbiota may influence metabolism and body composition","Vrieze A., Holleman F., Zoetendal E.G., De Vos W.M., Hoekstra J.B.L., Nieuwdorp M.",0012186X,"Diabetologia",53, 4,0,0,0,0,6,12,21,11,15,4,69,0,69
2010,"σ54-mediated control of the mannose phosphotransferase sytem in Lactobacillus plantarum impacts on carbohydrate metabolism","Stevens M.J.A., Molenaar D., De Jong A., De Vos W.M., Kleerebezem M.",13500872,"Microbiology",156, 3,0,0,0,0,0,2,1,2,1,0,6,0,6
2010,"The SOS response of Listeria monocytogenes is involved in stress resistance and mutagenesis","van der Veen S., van Schalkwijk S., Molenaar D., de Vos W.M., Abee T., Wells-Bennik M.H.J.",13500872,"Microbiology",156, 2,0,0,0,0,1,3,6,5,4,0,19,0,19
2010,"Profiling human gut bacterial metabolism and its kinetics using [U- 13C]glucose and NMR","De Graaf A.A., Maathuis A., De Waard P., Deutz N.E.P., Dijkema C., De Vos W.M., Venema K.",09523480,"NMR in Biomedicine",23, 1,0,0,0,0,2,6,6,1,5,0,20,0,20
2010,"Correlation of Dehalococcoides 16S rRNA and chloroethene-reductive dehalogenase genes with geochemical conditions in chloroethene-contaminated groundwater","Van Der Zaan B., Hannes F., Hoekstra N., Rijnaarts H., De Vos W.M., Smidt H., Gerritse J.",00992240,"Applied and Environmental Microbiology",76, 3,0,0,0,0,2,2,5,7,7,2,25,0,25
2010,"Mucin-bacterial interactions in the human oral cavity and digestive tract","Derrien M., van Passel M.W.J., van de Bovenkamp J.H.B., Schipper R.G., de Vos W.M., Dekker J.",19490984,"Gut Microbes",1, 4,0,0,0,0,0,5,12,17,14,3,51,0,51
2010,"Development of a minimal growth medium for Lactobacillus plantarum","Wegkamp A., Teusink B., De Vos W.M., Smid E.J.",02668254,"Letters in Applied Microbiology",50, 1,0,0,0,0,0,2,0,8,2,0,12,0,12
2009,"Proteome analysis of Lactobacillus rhamnosus GG using 2-D DIGE and mass spectrometry shows differential protein production in laboratory and industrial-type growth media","Koskenniemi K., Koponen J., Kankainen M., Savijoki K., Tynkkynen S., De Vos W.M., Kalkkinen N., Varmanen P.",15353893,"Journal of Proteome Research",8, 11,0,0,0,0,1,4,5,2,1,0,13,0,13
2009,"The evidence that pseudovitamin B12 is biologically active in mammals is still lacking a comment on Molina et al.s (2009) experimental design","Santos F., Teusink B., De Vos W.M., Hugenholtz J.",13645072,"Journal of Applied Microbiology",107, 5,0,0,0,0,0,0,0,0,0,0,0,0,0
2009,"Comparative genomic analysis of Lactobacillus rhamnosus GG reveals pili containing a human-mucus binding protein","Kankainen M., Paulin L., Tynkkynen S., Von Ossowski I., Reunanen J., Partanen P., Satokari R., Vesterlund S., Hendrickx A.P.A., Lebeer S., De Keersmaecker S.C.J., Vanderleyden J., Hamalainen T., Laukkanen S., Salovuori N., Ritari J., Alatalo E., Korpela R., Mattila-Sandholm T., Lassig A., Hatakka K., Kinnunen K.T., Karjalainen H., Saxelin M., Laakso K., Surakka A., Palva A., Salusjarvi T., Auvinen P., De Vos W.M.",00278424,"Proceedings of the National Academy of Sciences of the United States of America",106, 40,0,0,0,2,13,35,46,35,29,1,161,0,161
2009,"Isolation and characterization of a new CO-utilizing strain, thermoanaerobacter thermohydrosulfuricus subsp. carboxydovorans, isolated from a geothermal spring in Turkey","Balk M., Heilig H.G.H.J., van Eekert M.H.A., van Stams A.J.M., van Rijpstra I.C., van Sinninghe-Damste J.S., de Vos W.M., de Kengen S.W.M.",14310651,"Extremophiles",13, 6,0,0,0,0,0,0,3,3,0,1,7,0,7
2009,"Comparative analysis of pyrosequencing and a phylogenetic microarray for exploring microbial community structures in the human distal intestine","Claesson M.J., O'Sullivan O., Wang Q., Nikkila J., Marchesi J.R., Smidt H., de Vos W.M., Ross R.P., O'Toole P.W.",19326203,"PLoS ONE",4, 8,0,0,0,0,14,42,36,42,38,8,180,0,180
2009,"Folate overproduction in Lactobacillus plantarum WCFS1 causes methotrexate resistance","Wegkamp A., De Vos W.M., Smid E.J.",03781097,"FEMS Microbiology Letters",297, 2,0,0,0,0,1,0,2,1,0,0,4,0,4
2009,"Tracking functional guilds: ""Dehalococcoides"" spp. in European river basins contaminated with hexachlorobenzene","Tas N., Van Eekert M.H.A., Schraa G., Zhou J., De Vos W.M., Smidt H.",00992240,"Applied and Environmental Microbiology",75, 14,0,0,0,1,4,0,5,1,3,0,14,0,14
2009,"Development and application of the human intestinal tract chip, a phylogenetic microarray: Analysis of universally conserved phylotypes in the abundant microbiota of young and elderly adults","Rajilic-Stojanovic M., Heilig H.G.H.J., Molenaar D., Kajander K., Surakka A., Smidt H., De Vos W.M.",14622912,"Environmental Microbiology",11, 7,0,0,0,2,18,21,22,36,19,9,127,0,127
2009,"Degradation of 1,2-dichloroethane by microbial communities from river sediment at various redox conditions","van der Zaan B., de Weert J., Rijnaarts H., de Vos W.M., Smidt H., Gerritse J.",00431354,"Water Research",43, 13,0,0,0,0,1,2,4,7,6,0,20,0,20
2009,"Effect of amino acid availability on vitamin B12 production in Lactobacillus reuteri","Santos F., Teusink B., Molenaar D., Van Heck M., Wels M., Sieuwerts S., De Vos W.M., Hugenholtz J.",00992240,"Applied and Environmental Microbiology",75, 12,0,0,0,0,0,2,2,4,1,0,9,0,9
2009,"Lactobacillus plantarum WCFS1 electron transport chains","Brooijmans R.J.W., De Vos W.M., Hugenholtz J.",00992240,"Applied and Environmental Microbiology",75, 11,0,0,0,0,2,2,8,3,4,0,19,0,19
2009,"Genome-scale model of Streptococcus thermophilus LMG18311 for metabolic comparison of lactic acid bacteria","Pastink M.I., Teusink B., Hols P., Visser S., De Vos W.M., Hugenholtz J.",00992240,"Applied and Environmental Microbiology",75, 11,0,0,0,2,5,5,2,7,3,1,25,0,25
2009,"Genome-wide screen for Listeria monocytogenes genes important for growth at high temperatures","Van Der Veen S., Abee T., De Vos W.M., Wells-Bennik M.H.J.",03781097,"FEMS Microbiology Letters",295, 2,0,0,0,0,0,1,1,0,0,1,3,0,3
2009,"Heme and menaquinone induced electron transport in lactic acid bacteria","Brooijmans R., Smit B., Santos F., van Riel J., de Vos W.M., Hugenholtz J.",14752859,"Microbial Cell Factories",8, ,0,0,0,2,2,4,7,9,6,1,31,0,31
2009,"Mixed-species genomic microarray analysis of fecal samples reveals differential transcriptional responses of bifidobacteria in breast- And formula-fed infants","Klaassens E.S., Boesten R.J., Haarman M., Knol J., Schuren F.H., Vaughan E.E., De Vos W.M.",00992240,"Applied and Environmental Microbiology",75, 9,0,0,0,0,9,10,8,7,3,0,37,0,37
2009,"Large intergenic cruciform-like supermotifs in the Lactobacillus plantarum genome","Wels M., Bongers R.S., Boekhorst J., Molenaar D., Sturme M., De Vos W.M., Siezen R.J., Kleerebezem M.",00219193,"Journal of Bacteriology",191, 10,0,0,0,0,0,0,0,0,0,0,0,0,0
2009,"Linking phylogenetic identities of bacteria to starch fermentation in an in vitro model of the large intestine by RNA-based stable isotope probing","Kovatcheva-Datchary P., Egert M., Maathuis A., Rajilic-Stojanovic M., De Graaf A.A., Smidt H., De Vos W.M., Venema K.",14622912,"Environmental Microbiology",11, 4,0,0,0,0,4,6,8,8,4,1,31,0,31
2009,"Effect of soil sample preservation, compared to the effect of other environmental variables, on bacterial and eukaryotic diversity","Tzeneva V.A., Salles J.F., Naumova N., de Vos W.M., Kuikman P.J., Dolfing J., Smidt H.",09232508,"Research in Microbiology",160, 2,0,0,0,0,4,2,4,0,4,0,14,0,14
2009,"A Bifidobacterium mixed-species microarray for high resolution discrimination between intestinal bifidobacteria","Boesten R.J., Schuren F.H.J., de Vos W.M.",01677012,"Journal of Microbiological Methods",76, 3,0,0,0,2,2,8,1,1,1,0,15,0,15
2009,"Mining the microbes - The human microbiome as model","De Vos W.M.",17517907,"Microbial Biotechnology",2, 2,0,0,0,1,0,0,1,0,1,0,3,0,3
2009,"Differential NF-κB pathways induction by Lactobacillus plantarum in the duodenum of healthy humans correlating with immune tolerance","Van Baarlen P., Troost F.J., Van Hemert S., Van Der Meer C., De Vos W.M., De Groot P.J., Hooiveld G.J.E.J., Brummer R.-J.M., Kleerebezem M.",00278424,"Proceedings of the National Academy of Sciences of the United States of America",106, 7,0,0,0,4,16,31,24,20,22,3,120,0,120
2009,"Yoghurt containing galactooligosaccharides facilitates defecation among elderly subjects and selectively increases the number of Bifidobacteria","Surakka A., Kajander K., Rajilic-Stojanovic M., Karjalainen H., Hatakka K., Vapaatalo H., Zoetendal E.G., De Vos W.M., Korpela R., Tynkkynen S.",15551431,"International Journal of Probiotics and Prebiotics",4, 1,0,0,0,0,0,0,0,2,1,1,4,0,4
2009,"Microbial functionality in the human intestinal tract","Salonen A., Palva A., De Vos W.M.",10939946,"Frontiers in Bioscience",14, 8,0,0,0,1,3,4,1,0,1,1,11,0,11
2008,"S layer protein A of Lactobacillus acidophilus NCFM regulates immature dendritic cell and T cell functions","Konstantinov S.R., Smidt H., De Vos W.M., Bruijns S.C.M., Singh S.K., Valence F., Molle D., Lortal S., Altermann E., Klaenhammer T.R., Van Kooyk Y.",00278424,"Proceedings of the National Academy of Sciences of the United States of America",105, 49,0,0,0,6,25,31,30,23,26,4,145,0,145
2008,"Divergent roles of CprK paralogues from Desulfitobacterium hafniense in activating gene expression","Gabor K., Sene K.H., Smidt H., de Vos W.M., van der Oost J.",13500872,"Microbiology",154, 12,0,0,0,0,0,1,0,3,0,0,4,0,4
2008,"Feeding of Lactobacillus sobrius reduces Escherichia coli F4 levels in the gut and promotes growth of infected piglets","Konstantinov S.R., Smidt H., Akkermans A.D.L., Casini L., Trevisi P., Mazzoni M., De Filippi S., Bosi P., De Vos W.M.",01686496,"FEMS Microbiology Ecology",66, 3,0,0,1,3,6,5,6,5,3,1,30,0,30
2008,"Two homologous agr-like quorum-sensing systems cooperatively control adherence, cell morphology, and cell viability properties in Lactobacillus plantarum WCFS1","Fujii T., Ingham C., Nakayama J., Beerthuyzen M., Kunuki R., Molenaar D., Sturme M., Vaughan E., Kleerebezem M., De Vos W.",00219193,"Journal of Bacteriology",190, 23,0,0,0,1,2,4,0,0,2,0,9,0,9
2008,"Hydrogenomics of the extremely thermophilic bacterium Caldicellulosiruptor saccharolyticus","Van De Werken H.J.G., Verhaart M.R.A., VanFossen A.L., Willquist K., Lewis D.L., Nichols J.D., Goorissen H.P., Mongodin E.F., Nelson K.E., Van Niel E.W.J., Stams A.J.M., Ward D.E., De Vos W.M., Van Der Oost J., Kelly R.M., Kengen S.W.M.",00992240,"Applied and Environmental Microbiology",74, 21,0,0,0,4,16,9,4,15,3,2,53,0,53
2008,"High-throughput diversity and functionality analysis of the gastrointestinal tract microbiota","Zoetendal E.G., Rajilic-Stojanovic M., De Vos W.M.",00175749,"Gut",57, 11,0,0,0,17,31,34,36,30,40,3,191,0,191
2008,"A simple and fast method for determining colony forming units","Sieuwerts S., De Bok F.A.M., Mols E., De Vos W.M., Van Hylckama Vlieg J.E.T.",02668254,"Letters in Applied Microbiology",47, 4,0,0,0,0,1,3,1,5,2,0,12,0,12
2008,"16S rRNA targeted DGGE fingerprinting of microbial communities.","Tzeneva V.A., Heilig H.G., van Vliet W.A., Akkermans A.D., de Vos W.M., Smidt H.",10643745,"Methods in molecular biology (Clifton, N.J.)",410, ,0,0,0,1,0,2,1,1,1,0,6,0,6
2008,"Improved annotation of conjugated bile acid hydrolase superfamily members in Gram-positive bacteria","Lambert J.M., Siezen R.J., de Vos W.M., Kleerebezem M.",13500872,"Microbiology",154, 8,0,0,0,3,0,1,1,0,4,1,10,0,10
2008,"Interactomics in the human intestine: Lactobacilli and Bifidobacteria make a difference.","Boesten R.J., de Vos W.M.",15392031,"Journal of clinical gastroenterology",42, ,0,0,0,5,3,8,6,7,4,0,33,0,33
2008,"Identification of the transcriptional response of human intestinal mucosa to Lactobacillus plantarum WCFS1 in vivo","Troost F.J., Van Baarlen P., Lindsey P., Kodde A., de Vos W.M., Kleerebezem M., Brummer R.-J.M.",14712164,"BMC Genomics",9, ,0,0,0,2,8,2,5,4,3,1,25,0,25
2008,"Functional analysis of four bile salt hydrolase and penicillin acylase family members in Lactobacillus plantarum WCFS1","Lambert J.M., Bongers R.S., De Vos W.M., Kleerebezem M.",00992240,"Applied and Environmental Microbiology",74, 15,0,0,1,2,5,9,8,12,8,2,47,0,47
2008,"Improvement of Lactobacillus plantarum aerobic growth as directed by comprehensive transcriptome analysis","Stevens M.J.A., Wiersma A., De Vos W.M., Kuipers O.P., Smid E.J., Molenaar D., Kleerebezem M.",00992240,"Applied and Environmental Microbiology",74, 15,0,0,0,1,2,1,1,4,1,0,10,0,10
2008,"Differential transcriptional response of Bifidobacterium longum to human milk, formula milk, and galactooligosaccharide","Gonzalez R., Klaassens E.S., Mahnen E., De Vos W.M., Vaughan E.E.",00992240,"Applied and Environmental Microbiology",74, 15,0,0,0,5,7,12,3,11,6,1,45,0,45
2008,"Assessment of CcpA-mediated catabolite control of gene expression in Bacillus cereus ATCC 14579","Van Der Voort M., Kuipers O.P., Buist G., De Vos W.M., Abee T.",14712180,"BMC Microbiology",8, ,0,0,0,3,4,5,3,3,0,1,19,0,19
2008,"High-level folate production in fermented foods by the B12 producer Lactobacillus reuteri JCM1112","Santos F., Wegkamp A., De Vos W.M., Smid E.J., Hugenholtz J.",00992240,"Applied and Environmental Microbiology",74, 10,0,0,1,2,6,6,7,9,2,0,33,0,33
2008,"The mucin degrader Akkermansia muciniphila is an abundant resident of the human intestinal tract","Derrien M., Collado M.C., Ben-Amor K., Salminen S., De Vos W.M.",00992240,"Applied and Environmental Microbiology",74, 5,0,0,1,0,5,7,10,15,13,6,57,0,57
2008,"Clinical trial: Multispecies probiotic supplementation alleviates the symptoms of irritable bowel syndrome and stabilizes intestinal microbiota","Kajander K., Myllyluoma E., Rajilic-Stojanovic M., Kyronpalo S., Rasmussen M., Jarvenpaa S., Zoetendal E.G., De Vos W.M., Vapaatalo H., Korpela R.",02692813,"Alimentary Pharmacology and Therapeutics",27, 1,0,0,13,19,17,20,21,17,11,3,121,0,121
2008,"The complete coenzyme B12 biosynthesis gene cluster of Lactobacillus reuteri CRL 1098","Santos F., Vera J.L., van der Heijden R., Valdez G., de Vos W.M., Sesma F., Hugenholtz J.",13500872,"Microbiology",154, 1,0,0,2,3,2,3,4,4,1,1,20,0,20
2007,"The novel porcine Lactobacillus sobrius strain protects intestinal cells from enterotoxigenic Escherichia coli K88 infection and prevents membrane barrier damage","Roselli M., Finamore A., Britti M.S., Konstantinov S.R., Smidt H., De Vos W.M., Mengheri E.",00223166,"Journal of Nutrition",137, 12,0,0,0,3,6,5,4,8,6,1,33,0,33
2007,"Intestinal integrity and Akkermansia muciniphila, a mucin-degrading member of the intestinal microbiota present in infants, adults, and the elderly","Collado M.C., Derrien M., Isolauri E., De Vos W.M., Salminen S.",00992240,"Applied and Environmental Microbiology",73, 23,0,0,0,1,3,8,8,13,13,3,49,0,49
2007,"Making sense of quorum sensing in lactobacilli: A special focus on Lactobacillus plantarum WCFS1","Sturme M.H.J., Francke C., Siezen R.J., de Vos W.M., Kleerebezem M.",13500872,"Microbiology",153, 12,0,0,1,6,7,6,2,4,6,0,32,0,32
2007,"Future Development of Probiotic Dairy Products","Mattila-Sandholm T., Saarela M., de Vos W.M.",,"Probiotic Dairy Products",, ,0,0,0,0,0,0,0,0,0,0,0,0,0
2007,"The micro-Petri dish, a million-well growth chip for the culture and high-throughput screening of microorganisms","Ingham C.J., Sprenkels A., Bomer J., Molenaar D., Van Den Berg A., Van Hylckama Vlieg J.E.T., De Vos W.M.",00278424,"Proceedings of the National Academy of Sciences of the United States of America",104, 46,0,0,12,13,13,12,11,9,9,4,83,0,83
2007,"Dynamics of competitive population abundance of Lactobacillus plantarum ivi gene mutants in faecal samples after passage through the gastrointestinal tract of mice","Bron P.A., Meijer M., Bongers R.S., De Vos W.M., Kleerebezem M.",13645072,"Journal of Applied Microbiology",103, 5,0,0,2,0,2,0,1,2,2,0,9,0,9
2007,"Molecularly assessed shifts of Bifidobacterium ssp. and less diverse microbial communities are characteristic of 5-year-old allergic children","Stsepetova J., Sepp E., Julge K., Vaughan E., Mikelsaar M., De Vos W.M.",09288244,"FEMS Immunology and Medical Microbiology",51, 2,0,0,1,4,4,5,5,2,1,0,22,0,22
2007,"Pseudovitamin B12 is the corrinoid produced by Lactobacillus reuteri CRL1098 under anaerobic conditions","Santos F., Vera J.L., Lamosa P., de Valdez G.F., de Vos W.M., Santos H., Sesma F., Hugenholtz J.",00145793,"FEBS Letters",581, 25,0,0,1,3,1,0,2,3,1,2,13,0,13
2007,"The heat-shock response of Listeria monocytogenes comprises genes involved in heat shock, cell division, cell wall synthesis, and the SOS response","van der Veen S., Hain T., Wouters J.A., Hossain H., de Vos W.M., Abee T., Chakraborty T., Wells-Bennik M.H.J.",13500872,"Microbiology",153, 10,0,0,1,2,5,4,7,4,5,4,32,0,32
2007,"Diversity of the human gastrointestinal tract microbiota revisited","Rajilic-Stojanovic M., Smidt H., De Vos W.M.",14622912,"Environmental Microbiology",9, 9,0,0,14,22,25,25,26,27,14,4,157,0,157
2007,"Thioredoxin reductase is a key factor in the oxidative stress response of Lactobacillus plantarum WCFS1","Mariela L.M., Molenaar D., Wels M., Teusink B., Bron P.A., de Vos W.M., Smid E.J.",14752859,"Microbial Cell Factories",6, ,0,0,2,2,4,3,7,2,2,1,23,0,23
2007,"Generation of a membrane potential by Lactococcus lactis through aerobic electron transport","Brooijmans R.J.W., Poolman B., Schuurman-Wolters G.K., De Vos W.M., Hugenholtz J.",00219193,"Journal of Bacteriology",189, 14,0,0,1,2,4,1,3,6,4,1,22,0,22
2007,"Identification of the σB regulon of Bacillus cereus and conservation of σB-regulated genes in low-GC-content gram-positive bacteria","Van Schaik W., Van Der Voort M., Molenaar D., Moezelaar R., De Vos W.M., Abee T.",00219193,"Journal of Bacteriology",189, 12,0,0,3,2,3,2,1,2,1,1,15,0,15
2007,"Microbial communities in the human small intestine: Coupling diversity to metagenomics","Booijink C.C.G.M., Zoetendal E.G., Kleerebezem M., de Vos W.M.",17460913,"Future Microbiology",2, 3,0,0,2,5,7,4,2,7,3,0,30,0,30
2007,"Germination of Bacillus cereus spores adhered to stainless steel","Hornstra L.M., de Leeuw P.L.A., Moezelaar R., Wolbert E.J., de Vries Y.P., de Vos W.M., Abee T.",01681605,"International Journal of Food Microbiology",116, 3,0,0,4,5,5,2,3,2,2,0,23,0,23
2007,"Molecular approaches to assess the activity and functionality of commensual and ingested bifidobacteria in the human intestinal tract","Klaassens E.S., De Vos W.M., Vaughan E.E.",,"Functional Dairy Products: Second Edition",2, ,0,0,0,0,0,0,0,0,0,0,0,0,0
2007,"Characterization of the role of para-aminobenzoic acid biosynthesis in folate production by Lactococcus lactis","Wegkamp A., Van Oorschot W., De Vos W.M., Smid E.J.",00992240,"Applied and Environmental Microbiology",73, 8,0,0,2,0,5,5,5,9,3,0,29,0,29
2007,"Identification of glucose-fermenting bacteria present in an in vitro model of the human intestine by RNA-stable isotope probing","Egert M., De Graaf A.A., Maathuis A., De Waard P., Plugge C.M., Smidt H., Deutz N.E.P., Dijkema C., De Vos W.M., Venema K.",01686496,"FEMS Microbiology Ecology",60, 1,0,0,4,7,2,0,7,6,2,0,28,0,28
2007,"Identification of prebiotic fructooligosaccharide metabolism in Lactobacillus plantarum WCFS1 through microarrays","Saulnier D.M.A., Molenaar D., De Vos W.M., Gibson G.R., Kolida S.",00992240,"Applied and Environmental Microbiology",73, 6,0,2,7,4,5,16,11,9,5,2,61,0,61
2007,"Diversity of the human gastrointestinal microbiota","Rajilic-Stojanovic M., De Vos W.M.",17226996,"Agro Food Industry Hi-Tech",18, 2,0,0,0,0,0,0,0,0,0,0,0,0,0
2007,"Advanced molecular tools for the identification of lactic acid bacteria","Amor K.B., Vaughan E.E., De Vos W.M.",00223166,"Journal of Nutrition",137, 3,0,1,3,8,11,5,12,5,4,2,51,0,51
2007,"Metaproteomics approach to study the functionality of the microbiota in the human infant gastrointestinal tract","Klaassens E.S., De Vos W.M., Vaughan E.E.",00992240,"Applied and Environmental Microbiology",73, 4,0,2,7,9,8,10,12,11,9,1,69,0,69
2007,"Spatial and temporal expression of Lactobacillus plantarum genes in the gastrointestinal tracts of mice","Marco M.L., Bongers R.S., De Vos W.M., Kleerebezem M.",00992240,"Applied and Environmental Microbiology",73, 1,0,1,5,6,4,5,5,4,6,0,36,0,36
